TH;Cod Comarca;Cod Municipio;Ámbito;Censo;Votantes;Nulos;Válidos;Blancos;Votos Candidatura;Abstención;PSE-PSOE;PP;PH;PCTE / ELAK;PACMA/ATTKAA;PUM+J;Cs;I.FEM;SAIn;FAC;VOX;M.C.R.;ALTER;PIRATAS;RECORTES CERO-GV;EAJ-PNV... (E19);CXE;EH BILDU... (E19);CONTIGO;ADÑ;AxSÍ;PACT;CPE;MIEL;IZQP;PCPE-PCPC-PCPA;PODEMOS-IU;JUNTS;IGRE;VOLT;CV-EC;CEX-CREX-PREX
Araba-Alava;"	01";"	059";VITORIA-GASTEIZ;190184;119287;798;118489;908;117581;70897;29360;16792;33;144;1265;154;5042;283;19;13;2784;12;196;110;368;25666;89;18267;163;19;25;76;126;49;57;153;14985;553;49;113;537;79
Araba-Alava;"	02";"	001";ALEGRÍA-DULANTZI;2016;1326;15;1311;25;1286;690;257;73;0;3;18;1;31;4;0;1;39;0;1;2;5;396;0;264;0;0;0;0;1;1;0;2;175;7;0;1;4;0
Araba-Alava;"	02";"	003";ARAMAIO;1176;835;2;833;4;829;341;26;1;0;0;3;0;0;2;0;0;5;0;0;0;0;243;0;491;0;0;0;0;0;0;0;1;50;6;0;0;1;0
Araba-Alava;"	02";"	006";ARMIÑÓN;176;124;2;122;3;119;52;19;17;0;0;2;0;6;1;0;0;9;0;0;0;0;29;0;11;0;0;0;0;1;0;0;0;24;0;0;0;0;0
Araba-Alava;"	02";"	008";ARRATZUA-UBARRUNDIA;803;531;2;529;4;525;272;75;43;1;1;1;1;22;2;0;0;12;0;1;0;1;194;0;120;0;2;0;0;0;0;0;0;45;3;0;0;1;0
Araba-Alava;"	02";"	009";ASPARRENA;1266;909;8;901;5;896;357;85;20;0;1;4;1;8;1;0;0;3;1;0;1;0;267;0;382;0;0;0;0;0;0;0;0;91;21;0;0;10;0
Araba-Alava;"	02";"	011";BAÑOS DE EBRO/MAÑUETA;228;196;5;191;5;186;32;34;66;0;0;0;0;7;1;0;0;3;0;0;0;0;64;0;2;0;0;0;0;0;0;0;0;9;0;0;0;0;0
Araba-Alava;"	02";"	013";BARRUNDIA;712;474;5;469;1;468;238;47;23;0;0;6;0;3;1;0;0;0;0;1;0;2;152;0;181;0;0;0;0;3;0;0;0;40;8;0;0;1;0
Araba-Alava;"	02";"	014";BERANTEVILLA;371;299;8;291;5;286;72;45;41;1;0;1;0;16;0;0;0;7;0;1;1;0;115;0;26;0;0;0;0;1;0;0;0;29;0;0;0;2;0
Araba-Alava;"	02";"	016";BERNEDO;419;244;;244;7;237;175;25;27;0;1;4;0;5;0;0;0;1;0;0;0;0;103;0;51;0;0;0;0;0;0;0;0;17;1;0;0;2;0
Araba-Alava;"	02";"	017";CAMPEZO/KANPEZU;821;567;5;562;10;552;254;53;32;0;0;4;2;17;0;1;0;1;0;0;0;0;238;0;161;0;0;0;1;0;0;2;1;39;0;0;0;0;0
Araba-Alava;"	02";"	018";ZIGOITIA;1408;909;3;906;11;895;499;129;53;0;0;7;0;11;0;0;0;9;0;0;0;2;272;0;298;0;0;0;0;0;0;0;1;98;9;0;1;5;0
Araba-Alava;"	02";"	019";KRIPAN;149;114;1;113;;113;35;8;11;0;0;0;0;2;0;0;0;0;0;1;0;0;73;0;13;0;0;0;0;0;0;0;0;4;1;0;0;0;0
Araba-Alava;"	02";"	020";KUARTANGO;322;248;3;245;6;239;74;16;20;0;0;2;0;1;0;0;0;1;0;0;0;0;95;0;87;0;0;0;0;0;0;0;0;14;1;0;0;2;0
Araba-Alava;"	02";"	021";ELBURGO/BURGELU;470;317;1;316;2;314;153;45;33;0;0;2;0;14;2;0;0;10;0;1;0;0;125;0;53;0;0;0;0;1;0;0;0;21;3;0;0;4;0
Araba-Alava;"	02";"	022";ELCIEGO;771;607;12;595;17;578;164;157;121;4;0;8;2;18;0;0;0;3;6;1;0;3;148;2;35;0;0;0;0;4;1;10;0;47;5;1;0;1;1
Araba-Alava;"	02";"	023";ELVILLAR/BILAR;262;195;;195;3;192;67;23;35;0;0;0;0;6;0;0;0;2;0;0;0;0;83;0;28;0;0;0;0;0;0;0;0;15;0;0;0;0;0
Araba-Alava;"	02";"	027";IRURAIZ-GAUNA;433;295;;295;1;294;138;17;23;0;0;10;1;2;0;0;0;2;0;0;0;0;113;0;98;0;0;0;0;0;0;0;0;26;2;0;0;0;0
Araba-Alava;"	02";"	028";LABASTIDA/BASTIDA;1083;795;19;776;17;759;288;133;180;0;0;7;0;13;0;0;0;23;0;0;0;0;212;0;111;1;0;0;0;0;0;0;1;69;9;0;0;0;0
Araba-Alava;"	02";"	030";LAGRÁN;140;120;;120;1;119;20;21;27;0;0;0;0;0;0;0;0;1;0;0;0;2;40;0;14;0;0;0;1;0;0;0;0;13;0;0;0;0;0
Araba-Alava;"	02";"	031";LAGUARDIA;1169;953;48;905;28;877;216;124;213;0;0;11;1;33;0;0;0;22;0;0;0;3;252;0;159;0;0;0;0;0;0;0;1;49;4;0;1;4;0
Araba-Alava;"	02";"	032";LANCIEGO/LANTZIEGO;499;376;10;366;3;363;123;95;53;0;1;2;0;6;0;0;0;0;0;0;0;1;122;0;52;0;0;0;0;0;0;0;0;30;0;0;1;0;0
Araba-Alava;"	02";"	033";LAPUEBLA DE LABARCA;659;555;11;544;16;528;104;99;77;0;0;3;0;18;0;1;0;3;0;1;0;0;243;0;50;0;1;0;0;0;2;0;1;28;0;0;0;1;0
Araba-Alava;"	02";"	034";LEZA;155;117;;117;1;116;38;27;4;0;0;0;0;1;1;0;0;3;0;0;0;0;47;0;23;0;0;0;0;0;0;1;0;6;0;0;0;3;0
Araba-Alava;"	02";"	037";ARRAIA-MAEZTU;588;451;4;447;5;442;137;32;32;0;0;3;0;2;0;0;0;10;0;0;0;0;228;0;95;0;0;0;0;1;0;0;0;38;0;0;0;1;0
Araba-Alava;"	02";"	039";MOREDA DE ÁLAVA/MOREDA ARABA;196;158;3;155;;155;38;44;15;0;0;0;1;5;0;0;0;0;0;0;0;0;50;0;22;0;0;0;0;0;0;0;0;18;0;0;0;0;0
Araba-Alava;"	02";"	041";NAVARIDAS;153;122;3;119;;119;31;6;49;0;2;0;0;3;0;0;0;1;0;0;0;0;37;0;9;0;0;0;0;0;0;0;0;12;0;0;0;0;0
Araba-Alava;"	02";"	043";OYÓN-OION;2337;1543;19;1524;39;1485;794;398;212;0;2;10;1;76;3;0;0;38;1;2;0;1;314;0;250;2;0;0;0;0;0;2;5;156;3;0;1;8;0
Araba-Alava;"	02";"	044";PEÑACERRADA-URIZAHARRA;231;176;9;167;2;165;55;30;23;0;0;1;1;4;0;0;0;0;0;0;0;0;53;0;37;0;0;0;0;0;0;0;0;14;2;0;0;0;0
Araba-Alava;"	02";"	046";ERRIBERAGOITIA/RIBERA ALTA;636;465;1;464;9;455;171;66;40;0;0;11;0;18;0;0;0;8;0;0;0;0;197;0;68;0;0;0;0;1;0;0;0;45;1;0;0;0;0
Araba-Alava;"	02";"	047";RIBERA BAJA/ERRIBERA BEITIA;988;651;3;648;16;632;337;139;98;0;0;6;33;55;2;0;0;15;0;0;1;0;193;0;40;0;1;0;0;2;0;0;4;40;0;0;0;3;0
Araba-Alava;"	02";"	049";AÑANA;132;107;;107;1;106;25;6;13;0;0;0;0;0;0;0;0;0;0;0;0;0;49;0;26;0;0;0;0;0;0;0;0;8;1;1;1;1;0
Araba-Alava;"	02";"	051";AGURAIN/SALVATIERRA;3560;2379;12;2367;25;2342;1181;240;83;0;0;10;3;37;0;0;0;12;1;1;1;2;915;0;852;1;0;0;5;1;0;0;1;154;11;4;0;5;3
Araba-Alava;"	02";"	052";SAMANIEGO;271;196;1;195;1;194;75;47;4;0;2;1;0;1;0;0;0;1;0;0;0;0;79;0;45;0;0;0;0;0;0;0;0;14;0;0;0;0;0
Araba-Alava;"	02";"	053";SAN MILLÁN/DONEMILIAGA;592;387;2;385;4;381;205;32;16;0;0;2;1;6;1;0;0;2;0;0;0;0;147;0;141;0;0;0;1;0;0;0;1;31;0;0;0;0;0
Araba-Alava;"	02";"	054";URKABUSTAIZ;1019;759;5;754;8;746;260;64;21;0;1;8;0;7;1;0;0;3;0;1;0;1;245;0;310;0;0;0;0;0;0;0;1;76;4;1;0;1;1
Araba-Alava;"	02";"	055";VALDEGOVÍA/GAUBEA;846;567;14;553;11;542;279;72;70;0;1;7;0;16;1;0;0;5;0;0;0;0;211;0;110;0;0;0;0;0;0;0;0;41;3;0;0;5;0
Araba-Alava;"	02";"	056";HARANA/VALLE DE ARANA;204;155;2;153;;153;49;7;12;0;0;1;0;2;1;0;0;1;0;0;0;0;90;0;25;0;0;0;0;0;0;0;1;10;1;0;1;0;1
Araba-Alava;"	02";"	057";VILLABUENA DE ÁLAVA/ESKUERNAGA;242;215;1;214;3;211;27;13;13;0;0;3;0;4;1;0;0;6;0;0;0;0;98;0;69;0;0;0;0;0;0;0;0;4;0;0;0;0;0
Araba-Alava;"	02";"	058";LEGUTIO;1401;840;4;836;8;828;561;104;21;1;0;10;0;17;1;0;0;5;0;0;0;1;259;0;320;0;0;0;0;0;0;0;1;80;6;0;1;1;0
Araba-Alava;"	02";"	060";YÉCORA/IEKORA;210;168;3;165;3;162;42;21;44;0;0;2;0;7;0;0;0;4;0;0;0;0;61;0;12;0;0;0;0;0;0;0;0;9;0;0;1;0;1
Araba-Alava;"	02";"	061";ZALDUONDO;153;129;1;128;2;126;24;12;0;0;0;2;0;3;0;0;0;0;0;0;0;0;37;0;62;0;0;0;0;0;0;0;0;8;0;0;0;1;1
Araba-Alava;"	02";"	062";ZAMBRANA;320;258;4;254;5;249;62;39;52;0;0;4;0;17;0;0;0;2;0;0;1;2;57;0;33;0;0;2;0;0;0;0;0;39;0;0;0;1;0
Araba-Alava;"	02";"	063";ZUIA;1839;1310;6;1304;15;1289;529;160;83;1;0;9;0;38;0;0;1;25;0;0;0;2;436;0;394;0;0;0;1;0;0;0;3;119;11;0;0;6;0
Araba-Alava;"	02";"	901";IRUÑA OKA/IRUÑA DE OCA;2486;1549;29;1520;27;1493;937;387;166;0;3;27;0;65;3;3;1;46;0;2;1;4;387;1;181;0;0;0;1;1;1;0;6;191;8;2;0;5;1
Araba-Alava;"	02";"	902";LANTARÓN;734;507;2;505;10;495;227;90;94;0;2;6;1;21;3;0;0;7;1;1;0;0;150;0;66;0;0;0;0;0;0;0;0;47;3;0;0;3;0
Araba-Alava;"	03";"	002";AMURRIO;8047;5753;57;5696;62;5634;2294;784;254;1;6;40;7;69;7;0;0;83;1;5;4;11;2220;3;1549;0;1;1;6;3;0;4;8;497;46;1;3;17;3
Araba-Alava;"	03";"	004";ARTZINIEGA;1354;999;12;987;11;976;355;106;83;0;1;7;0;21;3;0;0;7;0;0;1;0;392;0;252;0;0;0;1;0;0;0;3;90;6;1;0;2;0
Araba-Alava;"	03";"	010";AYALA/AIARA;2318;1678;14;1664;32;1632;640;142;65;0;0;8;1;16;3;0;0;21;0;1;2;4;805;1;409;1;0;0;1;0;0;0;1;140;5;2;1;2;1
Araba-Alava;"	03";"	036";LAUDIO/LLODIO;14748;9807;72;9734;74;9660;4941;1655;551;1;7;84;40;198;150;1;0;92;0;2;7;22;3390;1;2284;2;0;2;3;3;2;3;15;1068;46;1;2;26;2
Araba-Alava;"	03";"	042";OKONDO;912;766;12;754;8;746;146;32;13;0;0;4;0;11;0;0;0;6;0;0;0;1;416;0;198;0;0;0;0;0;0;0;0;61;4;0;0;0;0
Araba-Alava;"	99";"	999";MUNICIPIO CERA ARABA;6804;301;;301;1;300;6503;61;25;1;0;4;1;27;5;0;0;7;0;0;2;4;47;2;39;0;0;0;3;2;0;0;1;59;3;0;2;5;0
Bizkaia;"	01";"	020";BILBAO;273387;168162;574;167588;1242;166346;105225;32837;14729;51;81;1583;185;6112;253;28;55;2856;24;49;104;362;62418;264;22307;31;58;23;70;174;23;57;164;19958;696;34;149;576;35
Bizkaia;"	02";"	002";ABANTO Y CIÉRVANA-ABANTO ZIERBENA;7769;5355;36;5319;47;5272;2414;996;94;2;3;51;4;75;3;1;0;46;0;69;1;7;2134;3;904;0;2;0;6;1;1;1;3;844;8;1;0;12;0
Bizkaia;"	02";"	008";ARTZENTALES;614;456;10;446;7;439;158;20;3;0;0;2;0;5;0;0;0;0;0;0;0;0;255;0;108;0;0;0;1;0;0;0;2;36;5;1;0;1;0
Bizkaia;"	02";"	013";BARAKALDO;79482;49333;218;49115;320;48795;30149;14703;2991;19;55;509;53;1344;65;10;5;703;16;96;33;123;15047;93;5073;16;5;7;27;36;5;12;108;7383;86;18;32;112;10
Bizkaia;"	02";"	022";KARRANTZA HARANA/VALLE DE CARRANZA;2315;1834;20;1814;37;1777;481;170;34;0;0;16;1;19;0;0;2;19;0;0;0;1;1102;1;265;1;0;0;4;0;0;1;3;125;11;0;1;1;0
Bizkaia;"	02";"	037";GALDAMES;682;528;12;516;8;508;154;34;4;0;1;1;0;2;1;0;0;0;0;0;0;0;260;0;164;0;0;0;1;0;0;0;0;35;3;0;0;2;0
Bizkaia;"	02";"	042";GORDEXOLA;1358;1063;11;1052;14;1038;295;91;56;0;0;9;0;29;1;0;1;11;0;0;0;0;596;0;155;0;0;0;0;0;0;0;0;80;6;0;0;3;0
Bizkaia;"	02";"	045";GÜEÑES;5213;3853;41;3812;31;3781;1360;514;103;0;1;27;0;37;2;0;1;14;0;1;1;2;1741;1;954;1;1;0;0;4;0;2;2;356;6;0;2;7;1
Bizkaia;"	02";"	051";LANESTOSA;217;173;2;171;;171;44;12;0;0;0;1;0;5;0;0;0;0;0;0;0;5;89;0;35;1;0;0;0;0;0;0;0;21;2;0;0;0;0
Bizkaia;"	02";"	071";MUSKIZ;6046;4330;37;4293;42;4251;1716;990;84;1;1;25;3;44;5;0;1;24;2;0;2;4;1821;3;737;0;5;0;2;2;1;0;0;483;3;0;1;7;0
Bizkaia;"	02";"	078";PORTUGALETE;38015;24116;109;24007;191;23816;13899;7927;1499;7;24;198;18;544;25;4;2;243;1;10;10;26;6885;21;2815;13;11;11;7;11;1;16;17;3320;68;9;16;53;4
Bizkaia;"	02";"	080";VALLE DE TRÁPAGA-TRAPAGARAN;9949;6626;44;6582;43;6539;3323;1752;196;3;1;61;6;90;2;0;1;51;4;1;5;10;2359;0;1101;2;2;0;5;2;1;2;6;834;15;2;5;20;0
Bizkaia;"	02";"	082";SANTURTZI;37404;23735;125;23610;174;23436;13669;5826;1109;4;8;202;17;493;17;6;5;232;6;8;5;41;8372;4;3663;4;7;1;9;19;3;12;28;3258;25;12;8;28;4
Bizkaia;"	02";"	083";ORTUELLA;6952;4702;17;4685;37;4648;2250;1037;98;0;3;37;1;56;1;0;0;25;1;2;2;3;1769;0;685;0;2;0;1;2;0;1;9;900;5;1;2;4;1
Bizkaia;"	02";"	084";SESTAO;21847;13596;103;13493;106;13387;8251;3712;636;4;10;148;13;257;10;1;0;95;1;7;8;23;4574;8;1709;5;2;3;4;4;1;9;16;2073;23;3;4;17;7
Bizkaia;"	02";"	086";SOPUERTA;2024;1473;24;1449;29;1420;551;147;25;0;1;5;1;26;1;0;0;6;0;0;0;2;673;0;346;0;0;0;0;0;0;1;1;172;5;0;2;6;0
Bizkaia;"	02";"	087";TRUCIOS-TURTZIOZ;435;385;5;380;4;376;50;28;9;0;0;0;0;2;0;0;0;3;0;0;0;1;248;0;58;0;0;0;0;0;0;0;0;27;0;0;0;0;0
Bizkaia;"	02";"	090";BALMASEDA;6021;4442;68;4374;39;4335;1579;879;163;0;5;22;2;91;1;0;0;47;0;1;2;6;2045;2;636;0;0;0;1;3;0;1;2;398;18;0;0;9;1
Bizkaia;"	02";"	096";ZALLA;6563;5059;62;4997;47;4950;1504;666;105;6;4;38;6;82;6;4;0;31;0;1;2;5;2725;2;730;2;3;0;2;0;0;2;5;494;10;1;4;13;1
Bizkaia;"	02";"	912";ALONSOTEGI;2328;1726;12;1714;13;1701;602;222;34;0;2;7;1;25;1;0;0;10;0;1;2;2;744;1;472;0;3;0;1;1;0;0;1;166;1;0;3;1;0
Bizkaia;"	02";"	913";ZIERBENA;1226;899;9;890;8;882;327;64;13;0;0;3;0;12;1;0;0;3;0;0;0;1;486;0;220;0;0;0;0;0;0;0;0;69;8;0;0;1;1
Bizkaia;"	03";"	001";ABADIÑO;5900;4045;26;4019;51;3968;1855;643;155;3;1;38;2;98;5;0;0;35;0;0;0;6;1267;0;1278;1;1;0;2;2;2;1;1;403;10;0;1;11;2
Bizkaia;"	03";"	003";AMOREBIETA-ETXANO;14628;10144;61;10083;70;10013;4484;1199;202;1;1;72;5;135;7;0;1;47;4;10;2;28;4381;5;2831;0;0;1;1;10;5;3;19;1001;25;4;0;11;2
Bizkaia;"	03";"	005";ARAKALDO;112;88;1;87;7;80;24;5;1;0;0;1;0;0;0;0;0;0;0;0;0;0;35;0;30;0;0;0;0;0;0;0;0;7;1;0;0;0;0
Bizkaia;"	03";"	006";ARANTZAZU;312;267;1;266;3;263;45;5;0;0;1;1;0;1;0;0;0;0;0;0;0;0;119;0;123;0;0;0;0;0;0;0;0;11;1;0;0;1;0
Bizkaia;"	03";"	009";ARRANKUDIAGA;769;651;1;650;4;646;118;18;7;0;0;4;0;9;0;0;0;2;0;0;0;0;297;0;286;0;0;0;0;0;0;0;0;22;1;0;0;0;0
Bizkaia;"	03";"	011";ARRIGORRIAGA;9659;6277;33;6244;59;6185;3382;1064;193;3;2;77;5;139;7;0;0;36;0;0;2;5;2269;3;1548;3;1;0;2;2;1;0;7;766;28;4;2;16;0
Bizkaia;"	03";"	015";BASAURI;33153;20665;95;20570;147;20423;12488;5302;1142;24;17;199;6;434;19;2;3;183;2;6;26;17;7598;8;2592;3;3;1;11;8;3;6;15;2682;35;5;17;48;6
Bizkaia;"	03";"	019";BERRIZ;3466;2468;9;2459;14;2445;998;351;77;3;1;12;2;49;8;4;0;18;1;2;1;3;931;3;665;0;0;0;1;6;0;1;3;285;8;0;0;6;4
Bizkaia;"	03";"	023";ARTEA;579;494;6;488;2;486;85;8;10;0;0;0;1;4;0;0;0;0;0;0;0;0;236;0;196;0;0;0;0;0;0;0;0;31;0;0;0;0;0
Bizkaia;"	03";"	024";ZEANURI;1005;810;8;802;2;800;195;7;6;0;0;1;0;8;0;0;0;0;0;1;0;1;389;0;350;0;0;0;0;1;0;0;0;31;5;0;0;0;0
Bizkaia;"	03";"	025";ZEBERIO;860;704;3;701;3;698;156;13;3;0;0;2;0;3;1;0;0;2;0;0;0;0;364;0;273;0;0;0;0;0;0;0;0;35;2;0;0;0;0
Bizkaia;"	03";"	026";DIMA;1139;953;9;944;11;933;186;6;2;2;0;4;0;8;4;0;0;3;0;2;1;1;369;0;480;0;0;0;0;1;0;0;0;43;6;0;0;1;0
Bizkaia;"	03";"	027";DURANGO;22724;15365;75;15290;121;15169;7359;2042;661;3;5;90;12;279;23;2;2;110;2;4;11;17;5767;2;4208;2;2;0;4;8;3;3;9;1770;61;3;11;48;5
Bizkaia;"	03";"	029";ETXEBARRI;8632;5678;57;5621;73;5548;2954;1416;258;3;13;87;7;201;13;1;3;82;0;4;3;13;1908;1;574;3;4;0;6;4;2;3;2;903;2;3;8;17;4
Bizkaia;"	03";"	032";ELORRIO;5779;4219;13;4206;34;4172;1560;404;139;0;2;17;1;61;4;2;0;11;0;1;0;0;1500;3;1672;1;0;0;0;3;1;1;1;308;31;0;0;9;0
Bizkaia;"	03";"	034";ERMUA;12652;8288;51;8237;95;8142;4364;2763;791;5;6;49;6;304;7;3;6;103;1;4;6;10;1711;3;1140;0;2;4;2;3;0;0;13;1155;10;3;8;21;3
Bizkaia;"	03";"	036";GALDAKAO;24067;15636;85;15551;144;15407;8431;2680;596;4;11;154;16;340;29;4;6;126;3;4;6;32;5750;8;3460;3;2;1;6;8;2;5;13;2041;51;6;7;29;4
Bizkaia;"	03";"	039";GARAI;256;228;1;227;1;226;28;6;1;0;0;2;0;2;0;0;0;5;0;0;1;1;116;0;81;0;0;0;0;0;0;0;0;8;3;0;0;0;0
Bizkaia;"	03";"	050";IZURTZA;187;169;1;168;;168;18;3;1;0;0;1;0;0;0;1;0;0;0;0;0;0;73;0;85;0;0;0;0;0;0;0;0;3;1;0;0;0;0
Bizkaia;"	03";"	055";LEMOA;2593;1909;13;1896;5;1891;684;145;28;0;1;11;5;19;3;0;0;18;0;0;0;1;826;0;695;0;0;0;0;1;1;0;0;126;7;1;1;1;1
Bizkaia;"	03";"	058";MALLABIA;948;747;9;738;5;733;201;58;6;0;0;1;0;6;3;0;0;0;0;0;1;0;330;0;290;0;0;0;0;0;0;0;0;36;1;0;1;0;0
Bizkaia;"	03";"	059";MAÑARIA;407;353;3;350;3;347;54;5;5;0;0;1;0;4;1;0;0;0;0;0;0;0;165;0;151;1;0;0;0;0;0;0;0;11;3;0;0;0;0
Bizkaia;"	03";"	065";UGAO-MIRABALLES;3303;2340;15;2325;17;2308;963;241;52;0;2;10;1;25;0;0;0;8;0;0;0;8;1103;1;665;0;0;0;0;1;0;0;1;181;5;0;0;4;0
Bizkaia;"	03";"	072";OTXANDIO;967;746;5;741;6;735;221;24;10;0;0;3;0;1;0;0;0;1;0;1;0;0;284;0;386;0;0;0;1;0;0;0;0;22;2;0;0;0;0
Bizkaia;"	03";"	074";URDUÑA/ORDUÑA;3273;2417;20;2397;26;2371;856;225;76;0;3;5;1;36;2;1;0;14;0;1;3;4;1079;0;758;0;0;0;1;0;0;0;1;155;2;0;0;4;0
Bizkaia;"	03";"	075";OROZKO;2066;1529;17;1512;23;1489;537;65;39;1;3;12;0;17;1;0;0;7;0;1;0;3;785;0;429;0;0;0;0;1;0;0;0;115;9;1;0;0;0
Bizkaia;"	03";"	088";UBIDE;133;106;1;105;1;104;27;4;0;0;1;0;0;0;0;0;0;0;0;0;0;0;26;0;68;0;0;0;0;0;0;0;0;3;2;0;0;0;0
Bizkaia;"	03";"	091";ATXONDO;1086;846;4;842;5;837;240;56;10;0;1;4;0;6;0;0;1;0;0;0;1;0;370;0;341;0;0;0;0;0;0;0;0;41;6;0;0;0;0
Bizkaia;"	03";"	092";BEDIA;874;655;3;652;14;638;219;40;12;0;1;4;0;6;0;0;0;6;0;0;0;1;375;1;162;0;0;0;0;0;0;0;0;29;0;0;0;1;0
Bizkaia;"	03";"	093";AREATZA;897;740;6;734;15;719;157;24;24;0;1;6;0;4;1;0;0;0;0;1;0;1;312;0;305;0;0;0;0;0;0;0;0;29;11;0;0;0;0
Bizkaia;"	03";"	094";IGORRE;3137;2335;21;2314;22;2292;802;92;21;3;1;7;0;19;2;2;0;10;1;2;2;0;1123;0;889;0;0;0;0;2;0;0;1;99;11;2;0;3;0
Bizkaia;"	03";"	095";ZALDIBAR;2335;1550;5;1545;11;1534;785;282;75;0;0;6;0;17;1;0;0;1;11;1;2;5;501;1;459;0;0;0;0;2;0;0;0;165;4;0;0;1;0
Bizkaia;"	03";"	097";ZARATAMO;1313;908;7;901;7;894;405;114;25;0;0;17;0;15;0;0;0;4;0;0;0;0;365;0;260;0;1;0;0;0;0;1;0;90;1;0;0;1;0
Bizkaia;"	03";"	910";IURRETA;2823;1910;6;1904;9;1895;913;330;77;0;0;10;2;30;1;0;0;15;0;0;0;0;727;0;526;0;0;0;0;3;0;0;0;165;1;1;3;4;0
Bizkaia;"	04";"	004";AMOROTO;323;238;1;237;2;235;85;2;0;0;0;0;0;0;0;1;0;0;0;0;0;0;116;1;110;0;0;0;0;0;0;0;0;4;0;0;0;0;1
Bizkaia;"	04";"	007";MUNITIBAR-ARBATZEGI GERRIKAITZ-;386;276;;276;1;275;110;5;0;0;0;1;0;0;1;0;0;0;0;0;0;0;116;0;143;0;0;0;0;0;0;0;0;7;2;0;0;0;0
Bizkaia;"	04";"	010";ARRIETA;483;364;2;362;1;361;119;9;0;0;0;2;0;2;2;0;0;0;0;0;1;0;198;0;118;0;0;0;0;0;0;0;0;25;2;0;0;2;0
Bizkaia;"	04";"	012";BAKIO;2072;1623;9;1614;4;1610;449;59;25;0;1;10;3;15;3;0;0;1;0;0;0;2;760;0;602;0;0;0;2;0;1;0;0;102;18;3;0;3;0
Bizkaia;"	04";"	014";BARRIKA;1238;809;4;805;12;793;429;86;22;0;0;14;1;21;0;0;0;3;0;0;0;2;353;0;220;0;0;0;0;1;1;0;0;59;7;0;0;3;0
Bizkaia;"	04";"	016";BERANGO;5452;3725;24;3701;23;3678;1727;548;217;2;1;45;3;149;2;0;0;44;0;0;0;5;1432;2;777;2;0;0;1;2;0;0;2;415;12;1;1;15;0
Bizkaia;"	04";"	017";BERMEO;13222;8785;99;8686;43;8643;4437;375;77;2;4;41;3;39;8;1;3;15;0;2;4;5;4795;0;2683;2;0;1;1;26;0;1;4;493;41;1;2;12;2
Bizkaia;"	04";"	018";BERRIATUA;865;593;3;590;8;582;272;16;1;0;0;2;0;1;2;0;0;1;0;1;0;0;248;0;280;0;0;0;0;0;0;0;0;27;3;0;0;0;0
Bizkaia;"	04";"	021";BUSTURIA;1326;954;13;941;8;933;372;63;20;0;1;3;0;5;1;1;0;1;0;1;0;0;480;0;289;0;0;0;1;0;0;0;0;60;4;0;0;3;0
Bizkaia;"	04";"	028";EA;693;601;5;596;5;591;92;3;0;0;0;2;0;4;0;0;0;1;0;1;0;0;254;0;305;0;0;0;0;0;0;0;0;19;2;0;0;0;0
Bizkaia;"	04";"	030";ETXEBARRIA;606;526;1;525;4;521;80;8;3;0;1;0;0;0;1;0;0;0;0;0;0;0;274;0;225;0;0;0;0;0;0;0;0;9;0;0;0;0;0
Bizkaia;"	04";"	031";ELANTXOBE;306;246;;246;2;244;60;3;1;0;0;1;0;1;0;0;0;0;0;0;0;0;127;0;106;0;0;0;0;0;0;0;0;3;2;0;0;0;0
Bizkaia;"	04";"	033";EREÑO;212;170;4;166;5;161;42;3;1;0;0;0;0;0;0;0;0;0;0;0;0;0;94;0;55;0;0;0;0;0;0;0;0;7;1;0;0;0;0
Bizkaia;"	04";"	035";FRUIZ;403;333;3;330;4;326;70;9;1;0;0;0;0;2;0;0;1;0;0;0;1;0;177;0;109;0;0;0;0;0;0;0;0;25;1;0;0;0;0
Bizkaia;"	04";"	038";GAMIZ-FIKA;1158;840;1;839;3;836;318;32;11;0;1;4;1;5;1;0;0;2;0;0;1;0;439;0;277;0;0;0;0;0;0;0;2;48;10;0;0;2;0
Bizkaia;"	04";"	040";GATIKA;1309;937;26;911;16;895;372;48;10;0;1;5;0;7;0;0;0;7;1;1;0;1;461;0;274;0;0;0;1;0;0;0;1;72;5;0;0;0;0
Bizkaia;"	04";"	041";GAUTEGIZ ARTEAGA;688;564;6;558;5;553;124;19;7;0;0;5;0;3;0;0;0;5;0;0;0;0;325;0;167;0;0;0;1;0;0;0;1;17;3;0;0;0;0
Bizkaia;"	04";"	043";GORLIZ;4560;3152;13;3139;25;3114;1408;286;85;0;1;36;2;61;4;0;5;23;0;0;2;9;1486;0;777;0;0;0;2;1;2;0;3;292;20;2;2;12;1
Bizkaia;"	04";"	044";GETXO;62225;41740;101;41639;271;41368;20485;5944;6081;11;32;332;51;2285;42;7;10;1028;4;19;11;86;15499;6;5833;3;18;7;19;23;7;19;67;3521;196;8;52;143;4
Bizkaia;"	04";"	046";GERNIKA-LUMO;12771;9141;59;9082;66;9016;3630;709;190;0;4;35;1;87;8;1;0;42;1;5;7;15;4338;4;2943;4;2;2;6;7;0;7;1;531;55;1;4;5;1
Bizkaia;"	04";"	047";GIZABURUAGA;148;109;1;108;2;106;39;0;0;0;0;0;0;0;0;0;0;0;0;0;0;0;34;0;66;0;0;0;0;0;0;0;0;6;0;0;0;0;0
Bizkaia;"	04";"	048";IBARRANGELU;541;432;3;429;7;422;109;11;2;0;2;6;0;3;0;0;1;0;0;0;0;0;197;0;163;1;0;1;0;0;0;0;0;22;12;0;0;1;0
Bizkaia;"	04";"	049";ISPASTER;546;432;;432;2;430;114;5;1;0;0;3;0;2;0;0;0;1;0;0;0;0;226;0;159;0;0;0;0;0;0;0;1;28;4;0;0;0;0
Bizkaia;"	04";"	052";LARRABETZU;1565;1253;5;1248;5;1243;312;34;14;0;0;7;0;7;1;0;0;2;0;1;0;0;453;0;656;0;0;0;1;0;0;0;0;54;7;0;1;5;0
Bizkaia;"	04";"	053";LAUKIZ;921;686;6;680;3;677;235;51;52;1;0;6;1;28;0;1;1;12;0;0;0;0;362;0;137;0;0;0;0;0;0;0;0;16;3;0;1;5;0
Bizkaia;"	04";"	054";LEIOA;25029;15943;57;15886;99;15787;9086;3094;1013;8;11;160;12;539;24;2;0;252;12;7;7;34;5972;4;2259;6;3;2;8;16;8;9;18;2198;44;5;21;38;1
Bizkaia;"	04";"	056";LEMOIZ;990;723;2;721;6;715;267;11;5;0;0;5;0;9;1;0;0;2;0;0;0;1;366;0;248;0;0;0;0;0;0;0;1;62;3;0;0;1;0
Bizkaia;"	04";"	057";LEKEITIO;5753;4301;23;4278;24;4254;1452;90;38;0;3;8;0;10;0;0;0;7;0;1;0;1;1983;0;1924;0;0;0;2;0;1;0;2;141;31;1;1;10;0
Bizkaia;"	04";"	060";MARKINA-XEMEIN;3634;2640;11;2629;12;2617;994;60;27;0;0;8;1;12;1;0;0;3;0;1;2;1;1306;0;1083;0;0;0;1;1;0;0;0;96;12;2;0;0;0
Bizkaia;"	04";"	061";MARURI-JATABE;794;591;1;590;3;587;203;28;15;0;1;5;2;11;0;0;1;3;0;0;1;1;291;0;166;0;0;0;0;1;0;0;1;48;12;0;0;0;0
Bizkaia;"	04";"	062";MENDATA;293;249;4;245;;245;44;0;0;0;0;0;0;0;0;0;0;0;0;0;0;0;142;0;87;0;0;0;0;0;0;0;0;12;3;0;0;1;0
Bizkaia;"	04";"	063";MENDEXA;358;293;3;290;3;287;65;6;2;0;0;2;2;1;1;1;0;0;0;0;0;0;133;0;121;0;0;0;0;0;0;1;0;14;2;0;0;1;0
Bizkaia;"	04";"	064";MEÑAKA;614;505;;505;3;502;109;8;1;0;0;3;2;4;0;0;0;1;0;0;0;0;201;0;255;0;0;0;1;0;0;0;0;22;2;0;0;2;0
Bizkaia;"	04";"	066";MORGA;348;273;;273;1;272;75;1;1;0;0;1;0;0;0;0;0;1;0;0;0;0;166;0;90;0;0;0;0;0;0;0;0;7;1;0;0;4;0
Bizkaia;"	04";"	067";MUXIKA;1138;862;4;858;5;853;276;22;4;0;1;0;1;3;1;0;0;0;0;0;1;1;401;0;370;1;0;0;0;0;1;0;0;42;3;0;0;1;0
Bizkaia;"	04";"	068";MUNDAKA;1530;1142;6;1136;4;1132;388;27;7;0;0;2;0;9;0;0;0;2;0;0;0;0;676;0;334;0;0;0;0;0;0;0;0;63;9;0;0;3;0
Bizkaia;"	04";"	069";MUNGIA;13152;8617;31;8586;54;8532;4535;742;366;1;3;53;4;251;6;2;1;124;0;1;2;10;4167;3;1893;1;5;1;2;11;2;0;4;813;34;1;1;28;0
Bizkaia;"	04";"	070";AULESTI;531;393;2;391;3;388;138;4;0;0;0;0;0;0;0;0;0;0;0;0;0;0;101;0;274;0;0;0;0;0;0;0;0;7;2;0;0;0;0
Bizkaia;"	04";"	073";ONDARROA;6832;4571;17;4554;27;4527;2261;141;69;2;0;15;2;26;0;0;0;8;0;1;1;0;1762;0;2239;1;0;1;0;1;0;0;1;242;14;0;0;1;0
Bizkaia;"	04";"	076";SUKARRIETA;286;218;2;216;3;213;68;11;3;0;0;0;0;2;0;0;0;0;0;0;0;0;143;0;44;0;0;1;0;0;0;0;0;5;2;0;0;2;0
Bizkaia;"	04";"	077";PLENTZIA;3402;2447;4;2443;19;2424;955;182;79;1;3;22;1;47;2;0;0;19;1;0;4;3;1166;0;635;1;0;0;0;1;0;1;3;213;17;1;3;17;2
Bizkaia;"	04";"	079";ERRIGOITI;400;341;1;340;3;337;59;5;2;0;0;4;0;3;0;0;0;3;0;0;0;0;164;0;141;0;0;0;0;0;0;0;0;14;1;0;0;0;0
Bizkaia;"	04";"	081";LEZAMA;1893;1443;21;1422;13;1409;450;93;23;0;0;11;0;9;0;0;0;3;0;0;0;2;839;0;342;0;1;0;0;0;0;0;0;79;4;0;1;2;0
Bizkaia;"	04";"	085";SOPELA;10726;7228;22;7206;54;7152;3498;786;172;2;1;95;5;149;5;1;0;59;0;2;4;16;2862;2;1874;1;3;0;5;4;1;1;9;1000;48;2;4;37;2
Bizkaia;"	04";"	089";URDULIZ;3477;2401;10;2391;15;2376;1076;242;56;0;0;22;0;49;4;0;0;15;0;2;2;1;1049;3;601;0;2;0;1;12;0;0;1;288;9;0;1;15;1
Bizkaia;"	04";"	901";DERIO;5151;3527;21;3506;26;3480;1624;675;129;4;0;31;5;74;0;0;0;29;2;0;4;1;1473;0;623;0;1;1;2;0;0;1;1;406;7;0;0;11;0
Bizkaia;"	04";"	902";ERANDIO;18978;11786;107;11679;112;11567;7192;2681;442;3;4;113;6;206;12;8;0;93;10;0;4;25;4432;3;1918;5;5;0;5;7;0;2;9;1510;23;5;4;30;2
Bizkaia;"	04";"	903";LOIU;1812;1331;5;1326;7;1319;481;83;65;0;1;9;0;43;2;0;0;13;0;0;0;1;824;0;172;1;0;0;0;0;0;0;0;96;5;0;0;4;0
Bizkaia;"	04";"	904";SONDIKA;3551;2492;13;2479;28;2451;1059;286;115;0;0;30;1;66;5;0;0;13;0;0;0;3;1219;0;466;2;0;1;5;2;1;0;3;215;9;1;0;6;2
Bizkaia;"	04";"	905";ZAMUDIO;2498;1810;18;1792;14;1778;688;178;32;0;3;4;1;21;2;1;0;6;0;0;0;0;905;0;480;0;2;0;0;0;0;0;0;130;7;0;0;5;1
Bizkaia;"	04";"	906";FORUA;753;625;6;619;5;614;128;18;7;0;0;3;0;3;0;0;0;1;0;0;0;0;341;0;210;0;0;0;0;0;0;0;0;30;0;0;1;0;0
Bizkaia;"	04";"	907";KORTEZUBI;338;292;2;290;1;289;46;2;0;0;0;0;0;0;0;0;0;0;0;0;0;0;169;0;110;0;0;0;0;0;0;0;0;6;2;0;0;0;0
Bizkaia;"	04";"	908";MURUETA;252;233;3;230;1;229;19;7;0;0;1;5;0;2;0;0;0;1;0;0;0;0;129;0;74;0;0;0;0;0;0;0;0;10;0;0;0;0;0
Bizkaia;"	04";"	909";NABARNIZ;203;184;2;182;1;181;19;0;0;0;0;1;0;0;1;0;0;0;0;0;0;0;74;0;100;0;0;0;0;0;0;0;0;4;1;0;0;0;0
Bizkaia;"	04";"	911";AJANGIZ;388;317;1;316;3;313;71;3;2;0;0;0;0;0;0;0;0;0;0;1;0;0;114;0;181;0;0;0;0;0;0;0;0;12;0;0;0;0;0
Bizkaia;"	04";"	914";ARRATZU;324;286;1;285;;285;38;4;0;0;1;0;0;0;0;0;0;0;0;0;0;0;150;0;119;0;0;0;0;0;0;0;0;8;3;0;0;0;0
Bizkaia;"	04";"	915";ZIORTZA - BOLIBAR;346;262;;262;1;261;84;2;2;0;0;0;0;1;0;0;0;0;0;0;0;0;95;0;153;0;0;0;0;0;0;0;0;8;0;0;0;0;0
Bizkaia;"	99";"	999";MUNICIPIO CERA BIZKAIA;39127;1092;3;1089;6;1083;38035;194;88;0;2;21;1;80;10;0;0;61;1;2;0;6;274;2;142;0;0;0;5;1;2;0;7;158;8;0;8;10;0
Gipuzkoa;"	01";"	040";HERNANI;15780;10126;93;10033;69;9964;5654;1444;228;3;5;69;3;146;8;0;0;53;4;0;5;14;2194;5;4457;2;1;2;2;3;1;4;6;1212;81;0;0;11;1
Gipuzkoa;"	01";"	069";DONOSTIA/SAN SEBASTIÁN;147847;95945;341;95604;671;94933;51902;20571;7649;28;78;917;88;3995;152;12;12;1557;43;50;62;267;27575;276;18753;11;22;16;53;120;13;36;196;11000;790;18;73;487;13
Gipuzkoa;"	01";"	072";URNIETA;4772;3042;41;3001;42;2959;1730;533;99;1;0;41;2;70;0;0;0;24;0;0;3;2;1084;2;747;0;0;1;1;1;0;1;2;318;15;2;0;9;1
Gipuzkoa;"	01";"	073";USURBIL;4706;3075;11;3064;25;3039;1631;299;52;1;3;11;0;33;7;0;1;9;0;2;3;2;677;1;1640;0;0;0;4;5;1;1;3;238;35;2;0;6;3
Gipuzkoa;"	01";"	902";LASARTE-ORIA;14248;9205;36;9169;69;9100;5043;3238;493;0;8;87;5;259;15;1;3;113;1;2;4;17;1647;0;1990;3;1;1;3;6;2;6;9;1109;47;1;2;26;1
Gipuzkoa;"	01";"	903";ASTIGARRAGA;4887;3173;20;3153;26;3127;1714;387;53;2;1;40;0;59;5;1;0;14;0;1;2;16;933;1;1215;0;0;0;0;4;2;2;0;357;24;1;3;4;0
Gipuzkoa;"	02";"	036";HONDARRIBIA;13243;8607;81;8526;84;8442;4636;1179;308;1;7;77;5;214;6;4;1;82;0;4;10;15;3671;2;1740;5;2;0;3;3;1;1;7;930;111;2;2;47;2
Gipuzkoa;"	02";"	045";IRUN;47085;28367;262;28105;267;27838;18718;8693;1861;12;23;300;20;1132;37;7;2;530;2;15;27;57;6900;13;3615;5;4;11;19;14;7;13;17;4269;87;7;22;105;12
Gipuzkoa;"	02";"	053";LEZO;4855;3109;58;3051;36;3015;1746;327;66;0;1;16;0;40;2;0;0;6;6;4;1;8;868;3;1325;0;1;0;0;0;0;1;4;325;6;0;0;4;1
Gipuzkoa;"	02";"	063";OIARTZUN;8081;5509;49;5460;47;5413;2572;290;75;3;3;24;0;37;2;1;0;16;1;0;4;1;1289;280;2935;0;0;2;1;2;2;4;0;405;29;0;0;6;1
Gipuzkoa;"	02";"	064";PASAIA;12457;7448;76;7372;62;7310;5009;1593;265;0;5;48;3;170;6;2;0;50;1;2;3;8;1788;0;2211;1;1;1;1;5;0;1;4;1100;32;2;0;6;1
Gipuzkoa;"	02";"	067";ERRENTERIA;30690;18835;107;18728;127;18601;11855;5241;680;8;12;186;7;368;18;4;4;120;1;6;12;26;3482;7;5347;2;2;4;7;7;1;14;15;2913;60;4;11;30;2
Gipuzkoa;"	03";"	001";ABALTZISKETA;253;177;2;175;3;172;76;3;0;0;1;1;0;0;0;0;0;0;0;0;0;0;86;0;79;0;0;0;0;0;0;0;0;2;0;0;0;0;0
Gipuzkoa;"	03";"	002";ADUNA;356;260;5;255;6;249;96;3;2;0;0;0;0;0;0;0;0;0;0;0;0;0;70;0;155;0;0;0;0;0;0;0;0;13;6;0;0;0;0
Gipuzkoa;"	03";"	004";ALBIZTUR;229;143;1;142;2;140;86;7;0;0;0;0;0;0;0;0;0;0;0;0;0;0;83;0;40;0;0;0;1;0;0;0;0;8;1;0;0;0;0
Gipuzkoa;"	03";"	005";ALEGIA;1267;917;3;914;7;907;350;67;15;0;1;5;0;6;0;0;0;1;0;0;0;0;306;0;448;2;0;0;0;0;0;0;0;54;2;0;0;0;0
Gipuzkoa;"	03";"	006";ALKIZA;258;173;2;171;4;167;85;3;1;0;0;3;0;1;0;0;0;0;0;0;0;1;56;0;87;0;0;0;0;0;0;0;0;11;2;0;0;2;0
Gipuzkoa;"	03";"	007";ALTZO;329;232;3;229;4;225;97;2;0;0;0;1;2;1;0;0;0;0;0;0;0;0;58;0;149;0;0;0;0;0;0;0;0;10;0;0;0;2;0
Gipuzkoa;"	03";"	008";AMEZKETA;705;516;3;513;13;500;189;7;5;0;0;0;0;0;0;0;0;0;0;0;0;0;149;0;326;0;0;0;0;0;0;0;0;13;0;0;0;0;0
Gipuzkoa;"	03";"	009";ANDOAIN;11373;7320;36;7284;72;7212;4053;1847;236;5;4;50;3;134;1;0;0;44;1;2;8;14;1702;0;2249;0;0;2;2;5;1;4;4;821;40;1;3;27;2
Gipuzkoa;"	03";"	010";ANOETA;1530;1078;4;1074;9;1065;452;90;27;0;0;6;0;13;0;0;0;6;0;0;0;0;313;0;518;0;0;0;0;2;0;0;1;84;4;0;1;0;0
Gipuzkoa;"	03";"	012";ARAMA;149;100;;100;;100;49;5;1;0;0;0;0;0;0;0;0;0;1;0;0;0;39;0;53;0;0;0;0;0;0;0;0;1;0;0;0;0;0
Gipuzkoa;"	03";"	014";ASTEASU;1154;694;5;689;8;681;460;35;10;0;0;4;0;1;1;0;0;3;0;0;0;0;206;0;372;0;0;0;0;0;0;0;0;46;1;0;0;2;0
Gipuzkoa;"	03";"	015";ATAUN;1239;993;3;990;14;976;246;22;0;0;0;3;0;2;0;0;0;0;0;0;2;1;345;0;568;0;0;0;0;0;0;0;0;25;8;0;0;0;0
Gipuzkoa;"	03";"	019";BEASAIN;9931;6393;26;6367;61;6306;3538;1018;188;2;9;33;2;80;6;2;4;19;1;1;7;6;2551;2;1728;3;0;2;3;3;0;0;8;575;31;1;4;16;1
Gipuzkoa;"	03";"	021";BELAUNTZA;187;133;1;132;1;131;54;3;0;0;0;0;0;0;0;0;0;0;0;0;0;0;55;0;61;0;0;0;0;0;0;0;0;11;1;0;0;0;0
Gipuzkoa;"	03";"	022";BERASTEGI;854;661;2;659;9;650;193;28;5;0;0;2;0;1;0;0;0;0;0;0;0;3;261;0;313;0;0;0;0;0;0;0;0;29;8;0;0;0;0
Gipuzkoa;"	03";"	023";BERROBI;444;277;5;272;8;264;167;15;5;0;0;4;0;0;0;0;0;1;0;0;0;1;77;0;135;0;0;0;2;0;0;1;1;20;1;0;0;1;0
Gipuzkoa;"	03";"	025";ZEGAMA;1114;876;10;866;7;859;238;25;0;0;0;7;0;4;0;0;0;0;0;0;0;1;388;0;398;0;0;0;0;0;0;0;0;36;0;0;0;0;0
Gipuzkoa;"	03";"	026";ZERAIN;208;194;6;188;4;184;14;1;0;0;0;2;0;0;0;0;0;0;0;0;0;0;77;0;99;0;0;0;0;0;0;0;0;2;3;0;0;0;0
Gipuzkoa;"	03";"	028";ZIZURKIL;2257;1508;4;1504;9;1495;749;246;34;0;0;6;0;13;0;1;0;5;0;0;1;0;424;0;655;2;0;0;0;2;0;1;1;89;10;1;1;3;0
Gipuzkoa;"	03";"	031";ELDUAIN;184;116;1;115;2;113;68;0;0;0;0;0;0;0;0;0;0;0;0;0;0;0;38;0;73;0;0;0;0;0;0;0;0;2;0;0;0;0;0
Gipuzkoa;"	03";"	035";EZKIO-ITSASO;485;362;;362;3;359;123;12;1;0;0;0;0;5;0;0;0;0;0;0;1;0;136;0;178;0;0;0;0;0;0;0;0;25;1;0;0;0;0
Gipuzkoa;"	03";"	037";GAINTZA;101;79;;79;1;78;22;1;0;0;0;0;0;1;0;0;0;0;0;0;0;0;36;0;37;0;0;0;0;0;0;0;0;3;0;0;0;0;0
Gipuzkoa;"	03";"	038";GABIRIA;384;287;2;285;;285;97;7;1;0;0;4;1;0;0;0;0;0;0;0;0;0;111;0;148;0;0;0;1;0;0;0;1;8;3;0;0;0;0
Gipuzkoa;"	03";"	041";HERNIALDE;237;152;4;148;7;141;85;6;3;0;0;0;0;2;0;0;0;0;0;0;0;0;57;0;59;0;0;0;0;0;0;0;0;14;0;0;0;0;0
Gipuzkoa;"	03";"	042";IBARRA;3169;2053;13;2040;10;2030;1116;256;42;1;0;14;1;26;1;0;1;10;0;3;1;1;623;0;856;0;0;0;0;0;1;1;0;183;4;0;0;4;1
Gipuzkoa;"	03";"	043";IDIAZABAL;1738;1325;13;1312;16;1296;413;52;22;0;0;5;0;5;0;0;0;1;0;0;0;1;587;0;586;0;0;0;0;0;0;0;0;34;3;0;0;0;0
Gipuzkoa;"	03";"	044";IKAZTEGIETA;364;273;3;270;2;268;91;11;2;0;0;0;0;3;0;0;0;0;0;0;0;0;95;0;142;0;0;0;0;1;0;0;1;12;0;0;0;1;0
Gipuzkoa;"	03";"	046";IRURA;1253;857;3;854;13;841;396;64;8;1;0;2;0;20;1;0;0;5;0;0;0;0;301;0;376;0;0;0;0;0;0;0;0;57;4;0;0;1;1
Gipuzkoa;"	03";"	047";ITSASONDO;464;324;1;323;1;322;140;19;2;0;0;2;0;2;0;0;0;0;0;0;0;1;87;0;193;0;0;0;0;0;0;0;0;15;0;0;1;0;0
Gipuzkoa;"	03";"	048";LARRAUL;186;113;;113;4;109;73;1;0;0;0;2;0;0;0;0;0;0;0;0;0;1;26;0;63;0;0;0;0;0;0;0;0;11;3;0;0;2;0
Gipuzkoa;"	03";"	049";LAZKAO;4180;2951;20;2931;29;2902;1229;320;47;0;2;8;1;33;2;0;0;4;0;0;1;0;1017;0;1229;0;0;0;1;0;0;2;1;216;13;0;0;3;2
Gipuzkoa;"	03";"	050";LEABURU;273;202;1;201;3;198;71;3;1;0;0;0;0;0;0;0;0;0;0;0;0;0;63;0;125;0;0;0;0;0;0;0;0;6;0;0;0;0;0
Gipuzkoa;"	03";"	051";LEGAZPI;6774;4834;27;4807;45;4762;1940;732;138;2;2;28;1;77;3;0;0;30;1;6;1;5;1655;1;1671;2;1;1;1;3;0;3;5;378;13;0;0;2;0
Gipuzkoa;"	03";"	052";LEGORRETA;1069;821;5;816;5;811;248;69;16;0;0;0;0;4;1;0;0;1;0;0;0;0;296;0;362;0;0;0;0;0;0;0;0;57;5;0;0;0;0
Gipuzkoa;"	03";"	054";LIZARTZA;460;347;2;345;9;336;113;3;0;0;0;0;0;0;0;0;0;0;0;0;0;0;59;0;264;0;0;0;0;0;0;0;0;6;4;0;0;0;0
Gipuzkoa;"	03";"	057";MUTILOA;196;133;;133;1;132;63;4;0;0;0;2;0;0;0;0;0;0;0;0;0;0;38;0;79;0;0;0;0;0;0;0;0;7;1;0;0;0;1
Gipuzkoa;"	03";"	058";OLABERRIA;739;540;9;531;3;528;199;83;26;0;0;5;0;9;1;2;0;3;0;0;0;3;174;0;158;0;0;0;0;0;0;0;1;58;4;0;0;1;0
Gipuzkoa;"	03";"	060";OREXA;88;75;;75;;75;13;0;0;0;0;0;0;0;0;0;0;0;0;0;0;0;4;0;71;0;0;0;0;0;0;0;0;0;0;0;0;0;0
Gipuzkoa;"	03";"	062";ORMAIZTEGI;948;718;8;710;9;701;230;47;6;1;0;9;1;5;2;0;0;6;0;0;0;0;302;0;272;0;0;0;0;0;0;0;0;37;7;0;0;6;0
Gipuzkoa;"	03";"	070";SEGURA;1091;869;3;866;9;857;222;21;0;0;0;3;0;3;1;0;0;3;1;0;0;1;371;0;414;0;0;1;0;0;0;0;1;24;11;0;0;2;0
Gipuzkoa;"	03";"	071";TOLOSA;15064;10209;38;10171;84;10087;4855;1050;238;0;4;54;5;90;14;0;1;32;2;2;5;13;3863;3;3818;2;0;1;5;10;5;3;4;755;71;1;1;34;1
Gipuzkoa;"	03";"	075";VILLABONA;4344;2943;8;2935;35;2900;1401;320;71;0;4;19;0;41;2;2;0;13;0;1;0;2;935;0;1254;0;0;1;2;0;0;4;1;210;12;0;3;1;2
Gipuzkoa;"	03";"	076";ORDIZIA;7068;5059;18;5041;38;5003;2009;680;142;1;7;22;1;51;7;2;1;26;0;0;0;6;1705;0;1755;3;1;1;1;1;1;0;5;545;18;3;0;18;0
Gipuzkoa;"	03";"	077";URRETXU;5268;3662;20;3642;24;3618;1606;681;72;0;2;7;1;68;5;0;0;11;0;0;1;0;1381;1;1056;0;1;0;0;1;0;1;2;304;15;1;1;5;1
Gipuzkoa;"	03";"	078";ZALDIBIA;1141;851;2;849;11;838;290;34;2;0;0;4;1;3;0;0;0;0;0;0;0;2;192;0;570;0;0;0;1;0;0;0;0;25;3;0;0;1;0
Gipuzkoa;"	03";"	080";ZUMARRAGA;7723;5121;51;5070;75;4995;2602;1702;190;0;8;28;3;81;7;0;0;28;2;3;3;2;1269;2;1060;0;0;2;2;5;0;2;9;559;13;1;1;12;1
Gipuzkoa;"	03";"	904";BALIARRAIN;90;52;;52;;52;38;1;0;0;0;0;0;0;0;0;0;0;0;0;0;0;15;0;35;0;0;0;0;0;0;0;0;0;1;0;0;0;0
Gipuzkoa;"	03";"	905";ORENDAIN;156;125;;125;2;123;31;0;0;0;0;2;0;0;0;0;0;0;0;1;0;2;31;0;83;0;0;0;0;0;0;0;0;2;1;0;0;1;0
Gipuzkoa;"	03";"	906";ALTZAGA;130;111;1;110;1;109;19;4;0;0;0;4;0;0;0;0;0;0;0;0;0;1;37;0;53;0;0;0;0;0;0;1;0;8;1;0;0;0;0
Gipuzkoa;"	03";"	907";GAZTELU;117;84;1;83;2;81;33;1;1;0;0;0;0;0;0;0;0;0;0;0;0;0;26;0;40;0;0;0;0;0;0;0;0;9;2;0;0;2;0
Gipuzkoa;"	04";"	003";AIZARNAZABAL;553;415;6;409;6;403;138;9;0;0;0;4;0;0;1;0;0;0;0;0;0;0;90;0;276;0;0;1;0;0;0;0;1;21;0;0;0;0;0
Gipuzkoa;"	04";"	011";ANTZUOLA;1631;1216;1;1215;12;1203;415;108;16;0;0;1;1;10;3;0;0;2;0;0;0;1;356;0;609;1;0;0;0;0;0;1;0;79;13;0;0;2;0
Gipuzkoa;"	04";"	013";ARETXABALETA;5437;3824;22;3802;31;3771;1613;431;62;0;4;8;0;34;2;0;0;12;1;1;3;4;1396;0;1460;3;0;0;2;14;0;3;3;290;32;0;1;5;0
Gipuzkoa;"	04";"	016";AIA;1535;1004;6;998;8;990;531;24;8;0;2;7;0;1;0;1;0;3;1;1;0;1;501;0;379;0;0;0;0;0;0;0;0;53;7;0;0;1;0
Gipuzkoa;"	04";"	017";AZKOITIA;8503;5909;57;5852;35;5817;2594;588;107;1;3;30;2;46;3;0;0;40;0;1;1;5;2465;1;2081;0;0;0;2;0;1;0;25;356;43;2;4;10;0
Gipuzkoa;"	04";"	018";AZPEITIA;11233;7872;54;7818;51;7767;3361;342;119;0;0;14;0;56;1;1;1;11;0;4;0;4;3154;5;3732;0;0;0;0;5;1;1;3;259;48;1;0;4;1
Gipuzkoa;"	04";"	020";BEIZAMA;114;76;;76;;76;38;0;1;0;0;0;0;0;0;0;0;0;0;0;0;0;31;0;37;0;0;0;0;0;0;0;0;4;0;0;0;3;0
Gipuzkoa;"	04";"	024";BIDANIA-GOIATZ;392;282;9;273;11;262;110;4;4;0;1;0;0;0;0;0;0;0;0;0;0;3;84;0;153;0;0;1;0;0;0;1;0;8;0;0;0;3;0
Gipuzkoa;"	04";"	027";ZESTOA;2760;1947;12;1935;18;1917;813;82;8;0;2;6;0;3;0;0;3;3;0;3;0;0;748;0;930;0;1;0;0;1;1;0;0;111;15;0;0;0;0
Gipuzkoa;"	04";"	029";DEBA;4288;3149;32;3117;31;3086;1139;270;48;0;0;12;3;31;2;0;0;13;1;0;0;7;1222;1;1165;1;0;0;0;0;0;1;2;281;21;0;1;3;1
Gipuzkoa;"	04";"	030";EIBAR;21247;14163;57;14106;110;13996;7084;4255;562;1;6;85;7;230;22;2;3;70;0;7;12;33;4043;2;3131;2;2;7;1;13;3;1;10;1375;48;3;10;39;11
Gipuzkoa;"	04";"	032";ELGOIBAR;8699;5823;58;5765;35;5730;2876;843;169;1;4;39;3;98;4;2;1;15;2;2;0;2;2348;0;1694;2;1;0;1;4;1;1;5;460;18;1;3;5;1
Gipuzkoa;"	04";"	033";ELGETA;859;633;2;631;6;625;226;24;6;0;0;5;0;4;1;1;0;3;0;0;0;2;226;0;310;0;0;0;0;0;0;0;0;40;1;0;0;2;0
Gipuzkoa;"	04";"	034";ESKORIATZA;3176;2241;16;2225;16;2209;935;240;39;2;3;19;2;30;0;0;2;6;1;167;0;7;853;0;615;0;0;0;1;2;1;1;1;201;12;1;1;2;0
Gipuzkoa;"	04";"	039";GETARIA;2145;1724;12;1712;7;1705;421;60;7;1;0;9;0;7;0;0;0;2;0;1;0;1;723;0;799;0;0;0;0;0;0;0;1;74;15;0;1;4;0
Gipuzkoa;"	04";"	055";ARRASATE/MONDRAGON;17370;11432;83;11349;81;11268;5938;1867;340;1;4;38;3;114;6;1;0;25;0;0;4;14;3643;2;3940;0;0;3;3;3;1;4;8;1195;38;0;3;6;2
Gipuzkoa;"	04";"	056";MUTRIKU;4084;2874;21;2853;22;2831;1210;135;54;0;0;14;1;21;2;0;0;7;0;6;0;2;1134;0;1257;0;0;0;2;1;0;0;0;175;11;0;1;8;0
Gipuzkoa;"	04";"	059";OÑATI;8870;6383;23;6360;24;6336;2487;371;101;0;6;22;1;35;4;0;0;9;0;2;2;3;2290;0;3148;0;1;0;0;1;1;0;2;295;28;0;0;13;1
Gipuzkoa;"	04";"	061";ORIO;4401;3059;22;3037;31;3006;1342;267;59;0;0;15;1;27;4;0;0;9;0;1;0;3;1267;2;1138;2;0;0;0;0;1;1;0;186;18;0;1;4;0
Gipuzkoa;"	04";"	065";SORALUZE-PLACENCIA DE LAS ARMAS;2947;2031;15;2016;15;2001;916;341;80;2;2;6;0;26;4;0;0;9;0;0;1;1;625;0;625;137;2;0;0;0;1;0;2;129;2;2;0;3;1
Gipuzkoa;"	04";"	066";ERREZIL;440;369;6;363;3;360;71;0;0;0;0;2;0;0;0;0;0;0;0;0;0;1;96;0;249;0;0;0;0;0;0;0;0;9;3;0;0;0;0
Gipuzkoa;"	04";"	068";LEINTZ-GATZAGA;187;113;1;112;1;111;74;0;0;0;0;0;0;0;0;0;0;1;0;0;0;0;34;0;72;0;0;0;0;0;0;0;0;4;0;0;0;0;0
Gipuzkoa;"	04";"	074";BERGARA;11520;8227;27;8200;39;8161;3293;808;120;4;9;36;3;71;8;2;0;14;0;6;2;6;2864;0;3513;1;2;2;3;2;0;1;4;633;23;1;2;21;0
Gipuzkoa;"	04";"	079";ZARAUTZ;18197;12703;64;12639;103;12536;5494;1443;403;3;11;63;5;175;9;0;3;78;0;1;5;4;5163;2;4003;0;2;3;4;6;3;4;3;987;115;3;3;30;2
Gipuzkoa;"	04";"	081";ZUMAIA;7684;5336;24;5312;43;5269;2348;659;81;0;2;25;0;50;1;0;0;21;0;0;0;5;1801;0;2159;0;1;1;2;0;2;1;3;413;24;0;6;12;0
Gipuzkoa;"	04";"	901";MENDARO;1415;972;8;964;2;962;443;125;22;0;0;8;0;9;0;0;0;1;0;0;0;0;418;0;289;0;0;0;0;0;0;0;0;90;0;0;0;0;0
Gipuzkoa;"	99";"	999";MUNICIPIO CERA GIPUZKOA;26723;930;;930;;930;25793;189;56;1;0;12;0;63;6;1;0;23;0;0;1;13;136;1;215;0;0;0;3;3;1;1;0;173;15;0;4;12;1
